0,ff,ff,ff,ff,ff,ff,60,e3,27,52,8e,c1,8,0,45,0,
10,0,c9,0,0,40,0,40,11,79,7b,c0,a8,0,1,ff,ff,
20,ff,ff,b0,c2,1d,0d,0,b5,4d,d3,4b,41,4e,4e,4f,55,
30,25,4e,0,0,0,0,0,60,e3,27,52,8e,c1,54,4c,2d,
40,57,44,52,33,35,30,30,0,0,0,0,0,0,54,4c,2d,
50,57,44,52,33,35,30,30,0,0,0,0,0,0,0,0,0,
60,0,0,0,0,0,0,0,0,0,0,0,0,0,0,0,0,
70,0,0,0,0,0,0,0,0,0,0,0,0,0,0,0,0,
80,0,31,2e,31,38,34,0,0,0,0,0,0,0,0,0,0,
90,0,0,0,0,0,0,0,1,0,0,0,1,0,0,0,2,
00a0,0,0,0,1,0,0,0,0,0,0,0,0,0,0,0,0,
00b0,0,0,0,0,0,0,0,0,0,0,0,0,0,0,0,0,
00c0,0,0,0,0,0,0,0,0,0,0,0,0,0,0,0,0,
00d0,0,0,0,0,0,0,0,.......,,,,,,,,,
,,,,,,,,,,,,,,,,,
0,60,e3,27,52,8e,c1,80,19,34,78,88,6d,8,0,45,0,
10,0,46,3a,8e,0,0,80,11,7e,5c,c0,a8,0,6b,c0,a8,
20,0,1,f1,58,0,35,0,32,2,11,fd,b3,1,0,0,1,
30,0,0,0,0,0,0,1,31,1,30,3,31,36,38,3,31,
40,39,32,7,69,6e,2d,61,64,64,72,4,61,72,70,61,0,
50,0,0c,0,1,....,,,,,,,,,,,,
,,,,,,,,,,,,,,,,,
0,60,e3,27,52,8e,c1,80,19,34,78,88,6d,8,0,45,0,
10,0,4a,3a,8f,0,0,80,11,7e,57,c0,a8,0,6b,c0,a8,
20,0,1,f1,58,0,35,0,36,0a,76,8b,d7,1,0,0,1,
30,0,0,0,0,0,0,3,32,35,35,3,32,35,35,3,32,
40,35,35,3,32,35,35,7,69,6e,2d,61,64,64,72,4,61,
50,72,70,61,0,0,0c,0,1,rpa.....,,,,,,,,
,,,,,,,,,,,,,,,,,
0,80,19,34,78,88,6d,60,e3,27,52,8e,c1,8,0,45,40,
10,0,46,0,0,40,0,38,11,c0,aa,c0,a8,0,1,c0,a8,
20,0,6b,0,35,f1,58,0,32,81,8d,fd,b3,81,83,0,1,
30,0,0,0,0,0,0,1,31,1,30,3,31,36,38,3,31,
40,39,32,7,69,6e,2d,61,64,64,72,4,61,72,70,61,0,
50,0,0c,0,1,....,,,,,,,,,,,,
,,,,,,,,,,,,,,,,,
0,80,19,34,78,88,6d,60,e3,27,52,8e,c1,8,0,45,40,
10,0,8e,0,0,40,0,38,11,c0,62,c0,a8,0,1,c0,a8,
20,0,6b,0,35,f1,58,0,7a,6a,b3,8b,d7,81,83,0,1,
30,0,0,0,1,0,0,3,32,35,35,3,32,35,35,3,32,
40,35,35,3,32,35,35,7,69,6e,2d,61,64,64,72,4,61,
50,72,70,61,0,0,0c,0,1,c0,1c,0,6,0,1,0,0,
60,0,0,0,38,1,62,0f,69,6e,2d,61,64,64,72,2d,73,
70,65,72,76,65,72,73,c0,24,5,6e,73,74,6c,64,4,69,
80,61,6e,61,3,6f,72,67,0,78,1b,8f,d2,0,0,7,8,
90,0,0,3,84,0,9,3a,80,0,0,0e,10,......:.....,,,,
,,,,,,,,,,,,,,,,,
0,60,e3,27,52,8e,c1,80,19,34,78,88,6d,8,0,45,0,
10,0,48,3a,90,0,0,80,11,7e,58,c0,a8,0,6b,c0,a8,
20,0,1,f1,7a,0,35,0,34,2c,db,a0,8c,1,0,0,1,
30,0,0,0,0,0,0,3,31,30,37,1,30,3,31,36,38,
40,3,31,39,32,7,69,6e,2d,61,64,64,72,4,61,72,70,
50,61,0,0,0c,0,1,a.....,,,,,,,,,,
,,,,,,,,,,,,,,,,,
0,80,19,34,78,88,6d,60,e3,27,52,8e,c1,8,0,45,40,
10,0,48,0,0,40,0,38,11,c0,a8,c0,a8,0,1,c0,a8,
20,0,6b,0,35,f1,7a,0,34,ac,57,a0,8c,81,83,0,1,
30,0,0,0,0,0,0,3,31,30,37,1,30,3,31,36,38,
40,3,31,39,32,7,69,6e,2d,61,64,64,72,4,61,72,70,
50,61,0,0,0c,0,1,a.....,,,,,,,,,,
,,,,,,,,,,,,,,,,,
0,60,e3,27,52,8e,c1,80,19,34,78,88,6d,8,0,45,0,
10,1,dd,5d,8b,40,0,80,6,0c,cb,c0,a8,0,6b,26,7f,
20,a7,32,cb,82,1,bb,94,55,5e,ff,ef,76,f1,83,50,18,
30,3,fd,83,d7,0,0,17,3,3,1,b0,29,f3,50,80,20,
40,2e,96,96,66,0b,b8,0b,5b,7d,2c,23,b0,9,95,2a,1e,
50,6e,4c,e5,24,0f,c4,da,28,71,40,e7,d7,a5,df,7,97,
60,0c,ec,25,69,2b,b6,bd,a5,17,74,0b,fb,53,fe,e5,c8,
70,0c,ec,c9,0b,f4,71,3d,2,b9,ac,ed,f8,2,32,0f,b5,
80,f4,87,3b,b5,fd,c2,8d,9c,82,8d,89,a1,68,64,bc,83,
90,1c,82,83,d4,f4,4,1e,f7,55,45,24,1a,79,e1,ae,7b,
00a0,dc,e4,2d,2d,19,fd,5b,8f,67,fe,b8,6f,47,1d,4,f5,
00b0,4c,7,5d,66,9b,ef,24,5f,e9,2d,8,31,96,18,d5,62,
00c0,9b,a6,18,b8,95,b7,9d,b1,c4,20,9d,ae,49,1,c1,6c,
00d0,10,29,36,70,ae,1b,5a,b1,7,5d,6b,fe,5b,16,f2,3a,
0,94,3,55,fc,b4,1e,a7,13,e8,c7,ea,2a,8a,e8,0d,67,
00f0,40,d2,47,ec,e8,60,4d,41,c4,21,4b,7,cf,a4,78,26,
100,c5,54,c3,0a,d8,48,34,4c,d0,ef,90,bb,10,51,1a,d7,
110,77,32,6a,ec,6f,bc,c1,66,b5,0f,a7,1e,8b,5b,55,1e,
120,fb,7f,85,f1,4e,b8,a3,87,45,ea,28,8,2a,53,3c,28,
130,c4,80,95,15,c1,75,be,32,ea,7e,3b,65,e6,62,3f,b7,
140,6a,e6,cf,1c,7d,a6,16,29,29,dc,5b,89,1e,70,f8,46,
150,5e,90,f5,73,8b,f4,8,d4,2e,9e,84,6f,35,90,e6,91,
160,8b,1f,14,2e,a5,98,ee,ea,62,1e,e6,34,c7,8a,35,e1,
170,57,42,ee,23,79,61,99,f6,91,4f,c0,36,57,ba,90,2c,
180,f1,3f,29,56,34,0,cc,26,f6,ec,fc,3c,c9,b4,35,d1,
190,b4,78,eb,72,1c,5a,23,d7,f0,b2,7b,67,b0,c0,4b,58,
01a0,f2,eb,cd,53,6,3a,b1,22,a8,4a,fa,56,85,4c,5a,8e,
01b0,a4,89,e4,56,2e,0,a5,30,16,a6,9d,b3,81,b7,6,4,
01c0,16,ab,2f,29,39,43,e5,c9,e1,d5,5,54,da,18,c9,2c,
01d0,e2,b6,49,80,84,9e,62,96,49,1e,e1,28,6,5c,c4,78,
1,34,3a,4f,1b,7c,eb,a1,19,b4,a1,29,4:O.|.....),,,,,
,,,,,,,,,,,,,,,,,
0,80,19,34,78,88,6d,60,e3,27,52,8e,c1,8,0,45,20,
10,5,14,75,da,40,0,32,6,3f,25,26,7f,a7,32,c0,a8,
20,0,6b,1,bb,cb,82,ef,76,f1,83,94,55,60,b4,50,10,
30,1,9,1d,3a,0,0,17,3,3,7,b0,7a,52,e9,35,98,
40,7b,31,38,b3,ab,12,d1,b7,7a,6c,b4,7b,86,98,fd,8f,
50,30,af,d7,6,86,21,ce,57,40,2b,4a,de,88,5c,2d,a1,
60,d4,18,fc,7,22,de,25,62,ed,3c,2d,43,23,aa,bd,98,
70,0a,61,17,c9,90,cf,5f,8f,34,5a,36,25,ff,f0,0,be,
80,37,30,82,6,c0,1c,d6,19,b1,5c,ce,42,83,d1,6b,49,
90,b5,57,7a,55,9a,f8,a5,73,91,1a,14,47,75,a6,93,25,
00a0,4d,96,5b,98,a3,98,a7,b2,49,d3,dc,50,d9,3b,80,bb,
00b0,b5,16,20,60,91,6c,e1,ac,1a,7f,bb,2b,c3,6f,ac,93,
00c0,7,9,42,7e,99,db,96,49,a0,76,97,a2,1,6,89,bc,
00d0,4a,d7,17,7b,13,9a,77,eb,86,1c,13,eb,7a,78,f5,c0,
0,bb,21,b7,4b,22,3b,15,bf,c6,89,d4,16,23,cb,82,2a,
00f0,9,b5,a1,13,23,b9,c4,b0,ff,98,d1,4,c6,d2,17,ff,
100,97,9d,1b,36,ac,76,ce,2c,c8,6d,ec,26,3c,93,d1,7d,
110,0,3a,eb,5d,50,88,26,a2,c9,e7,66,98,55,9b,7d,7f,
120,9a,68,2f,80,4e,d6,9c,e3,dc,8,90,e7,3c,96,42,d1,
130,13,1c,dc,4,e7,3f,d8,2c,e8,42,7,66,44,1f,f4,e4,
140,c6,f0,b7,57,91,f9,ac,bd,b4,ff,98,65,d1,bc,39,d6,
150,20,33,85,23,c3,40,4f,c0,8,b4,5f,a7,b0,14,dd,e1,
160,8c,19,49,3d,7b,96,fb,a2,e5,91,ce,c5,d2,43,ac,d8,
170,97,0c,e6,52,0a,ad,86,b3,f3,3,6f,e7,0d,4f,36,2d,
180,d5,67,37,59,8c,7b,53,75,e8,0c,28,29,91,1b,ec,23,
190,a3,26,cd,66,51,4e,98,ec,9e,30,7e,a1,4b,55,ff,17,
01a0,78,6b,db,3f,71,2e,e1,6e,7a,96,bf,87,fb,86,8e,33,
01b0,77,f2,be,8,6f,53,3c,5d,31,24,28,4,4c,cd,19,3b,
01c0,41,18,f5,2f,32,25,cc,d6,d4,f5,7b,10,c0,0f,d5,0c,
01d0,f6,55,76,a8,70,d1,70,a0,12,a2,5e,b7,f9,fd,7e,2,
1,11,1c,13,91,34,d0,73,d8,31,70,d2,d4,4a,42,bc,f7,
01f0,99,3a,c1,7e,d9,8a,8c,bb,35,30,fe,b4,7a,48,57,24,
200,dd,fb,a0,95,ca,8e,26,8,88,66,a4,1d,4e,c7,93,45,
210,5b,60,f4,0d,0e,2b,71,e3,85,22,c3,fb,8c,83,dc,78,
220,13,48,2c,e5,f1,ac,3a,80,32,4e,30,be,1d,b3,56,2c,
230,4e,31,20,4c,76,b3,0f,0c,5e,f2,da,3d,0,69,7c,dd,
240,87,7b,8b,a5,92,5e,f7,f2,81,a7,3,fa,58,ff,ca,a5,
250,62,40,f1,7b,a3,d9,fc,69,48,ee,57,7f,3f,58,c2,ad,
260,af,4a,cf,75,aa,9f,3b,0a,af,3f,4e,91,a2,66,22,49,
270,42,7d,4,45,c1,ba,32,ba,c9,c7,3c,fe,62,dd,59,d1,
280,5c,f4,bb,cc,d5,92,9d,a6,b8,53,fa,3e,f7,4a,bc,51,
290,64,cb,f9,9b,52,ef,9b,99,45,6f,8b,b4,26,86,2c,24,
02a0,af,76,25,b7,a5,cb,23,f8,39,60,24,c9,76,da,e2,e9,
02b0,ac,4f,17,5b,8e,da,ad,a4,8c,6d,2,a9,a9,d8,ac,6d,
02c0,79,7b,7c,49,2e,84,34,82,96,24,77,f5,a5,d4,fb,fc,
02d0,f5,d1,e1,39,a3,fc,4e,e3,98,4c,6c,4f,ce,fd,57,fa,
2,46,43,2c,19,ff,96,d4,92,29,35,92,99,ea,df,a4,a7,
02f0,e8,ba,c3,53,35,b1,b9,40,8e,5b,74,eb,60,78,77,3f,
300,28,d8,b2,63,bf,70,1c,8a,28,0f,2f,30,6f,e1,9a,bc,
310,b2,4a,cc,0,7e,6e,bf,87,0,41,ad,10,41,49,a1,f1,
320,94,66,ec,62,8e,f0,b8,bd,25,c1,f8,63,78,82,c2,52,
330,88,d1,17,9d,30,42,f1,ed,b6,44,7e,e8,ce,d8,73,41,
340,d0,0,b2,96,dd,ad,f7,0c,ba,a9,52,fd,e8,bf,70,4,
350,23,b8,c4,48,4d,6f,fb,94,49,dc,f2,33,7e,3b,c0,21,
360,64,82,ef,78,33,2b,92,ed,4c,cb,92,ee,c8,34,88,d9,
370,7f,7a,58,9,b8,5e,d6,0,9b,cc,a5,96,bb,8a,51,e8,
380,dc,99,8e,d6,40,23,6c,71,9d,66,dc,e2,33,23,3b,3e,
390,33,d9,3,bb,78,77,a9,da,76,8e,9d,a7,9a,62,35,39,
03a0,ad,53,d5,ed,8e,56,f3,f3,3b,34,2d,ef,0,0c,99,c0,
03b0,95,a5,9f,b1,4f,13,e8,68,8f,e3,d1,87,c4,5d,8f,44,
03c0,ab,8,15,6e,13,71,22,b4,98,28,70,e9,af,3d,6a,77,
03d0,9,4c,10,11,6b,be,99,7f,7d,2a,d1,d6,7f,1c,6f,dd,
3,30,48,86,7,e9,5b,e9,ba,0,fe,d9,ef,13,32,c2,eb,
03f0,77,d7,17,ca,fd,69,44,32,8b,eb,fe,4d,de,b5,0a,88,
400,50,fa,58,53,43,5,61,ae,58,b0,c0,22,bd,6f,aa,84,
410,3,92,28,7e,3c,90,32,7d,1,d3,fa,a0,a0,da,ec,7d,
420,6f,d6,4d,b1,ad,9b,6c,c2,8f,3f,8d,79,68,87,bf,fb,
430,36,b4,fe,3a,12,f2,70,44,7f,19,c4,f8,22,e7,d7,8c,
440,66,e1,a7,43,fd,f0,7f,54,8e,65,68,8c,93,bf,cb,a1,
450,fc,5d,9b,3d,3b,1b,7f,ab,50,93,b6,60,c6,67,95,75,
460,0f,5f,28,70,a6,f8,73,61,fc,89,c1,6b,0b,d3,6a,6d,
470,73,37,0f,78,ba,38,b7,5,fb,30,b8,c6,4d,73,a8,76,
480,ab,fe,c1,f2,74,34,d9,95,f8,d1,8b,ba,df,c9,ed,4,
490,14,cb,dc,cf,30,f4,9,25,d1,1,0,b6,f4,4e,60,8c,
04a0,1d,a2,12,38,dd,92,a8,5c,3,ed,8,90,1,1c,ee,15,
04b0,fe,58,7e,d6,ec,81,33,cb,f7,98,55,b7,b7,d4,86,15,
04c0,c0,81,4a,84,a8,77,bd,4f,1d,d9,53,b2,6a,3a,1a,6b,
04d0,f3,d4,ed,94,72,0b,e0,f6,f6,bf,1c,4e,3c,6e,4a,5d,
4,bf,d5,2c,7a,63,f6,70,5a,d1,48,ef,ed,1,97,3e,94,
04f0,6d,4,af,5b,0c,f3,1b,ea,cd,e6,bb,97,e2,fe,1a,a2,
500,5c,a4,30,dc,ec,db,5e,af,70,e8,9,3c,9,e8,d3,9c,
510,4c,db,c5,f6,c6,1c,2e,5a,34,71,0,66,ee,9a,10,98,
520,68,0a,h.,,,,,,,,,,,,,,
,,,,,,,,,,,,,,,,,
0,60,e3,27,52,8e,c1,80,19,34,78,88,6d,8,0,45,0,
10,0,28,5d,8c,40,0,80,6,0e,7f,c0,a8,0,6b,26,7f,
20,a7,32,cb,82,1,bb,94,55,60,b4,ef,76,f6,6f,50,10,
30,4,0,74,e1,0,0,..t...,,,,,,,,,,
,,,,,,,,,,,,,,,,,
Frame,(767,bytes):,,,,,,,,,,,,,,,
0,80,19,34,78,88,6d,60,e3,27,52,8e,c1,8,0,45,20,
10,2,f1,75,db,40,0,32,6,41,47,26,7f,a7,32,c0,a8,
20,0,6b,1,bb,cb,82,ef,76,f6,6f,94,55,60,b4,50,18,
30,1,9,1e,54,0,0,3c,39,a9,1f,47,f5,bc,3d,34,71,
40,0b,f4,2e,71,e9,56,63,71,18,84,0f,88,9f,77,d1,58,
50,ae,71,e4,aa,6,c7,d5,28,40,71,b1,2e,d8,ea,36,e2,
60,40,ac,a8,55,a8,70,cc,19,eb,9c,e8,73,83,a9,88,4a,
70,dc,fb,f7,9c,79,5a,d9,a7,25,25,c4,b9,e6,f4,0f,b7,
80,b9,53,ba,62,82,df,66,0d,61,46,d9,18,98,4c,8a,b9,
90,9e,4,e8,c9,68,cd,a2,ba,89,eb,31,fd,1c,3d,fe,13,
00a0,82,94,54,3e,14,ec,98,da,e3,2,3,18,7b,4b,29,9,
00b0,b3,7b,a9,60,4c,82,e6,6c,b3,c1,a9,18,21,bc,bc,98,
00c0,ef,3a,16,2d,24,aa,61,99,30,e8,20,98,d7,94,c9,b4,
00d0,90,2b,ae,43,ee,84,75,35,d3,30,e2,42,fb,94,82,f8,
0,60,90,dd,a8,78,dd,7c,e4,d9,67,75,d7,f5,90,4,76,
00f0,6d,d7,4c,c0,74,f3,5d,28,80,a3,e7,75,c2,7b,65,0e,
100,5b,dd,6c,f0,ac,3d,b5,5,a7,c3,84,70,5d,56,1f,1c,
110,6d,73,8b,2b,a1,13,dc,a6,a9,df,76,ce,16,bf,f3,7c,
120,d4,e2,bb,1b,f7,f0,66,d3,f9,3c,69,3d,45,82,dc,6c,
130,7e,c8,d0,b2,40,7f,94,7b,96,a7,c1,d5,22,48,c8,7b,
140,db,6e,7a,5d,68,87,e3,dd,27,80,37,e0,39,f7,99,67,
150,8,df,5a,bd,da,42,35,65,a6,98,9b,44,85,8b,f5,c6,
160,c7,0d,5c,d4,82,82,40,df,1a,e1,ae,62,e9,18,bd,a3,
170,1d,63,4,64,bd,df,60,73,dd,6f,b2,d5,40,cb,cc,ba,
180,f0,78,6e,71,8d,40,fa,ff,3,55,8d,66,e8,4e,e2,e2,
190,93,5a,c1,d8,d6,1c,ee,4,f1,f4,b7,a9,7f,28,9a,53,
01a0,3,8c,bd,8f,6,d6,ab,b9,29,d9,e7,0d,a3,b7,4c,67,
01b0,ab,28,11,1c,81,0f,1,6,b8,b2,0b,b8,40,e5,c7,59,
01c0,ad,ef,13,78,30,9f,e2,f1,af,cd,7f,e9,e2,ab,3c,d5,
01d0,ab,d0,ae,a5,7e,c8,c4,71,5a,40,37,f3,78,52,a6,8a,
1,81,ce,61,18,20,30,12,fb,80,30,2d,69,59,78,b4,9d,
01f0,8e,cc,d3,a3,e9,ed,27,e5,13,59,24,10,40,14,ee,24,
200,29,12,b3,29,91,28,5,8e,72,e2,0b,e7,1f,7e,fa,d0,
210,7a,f0,6c,f6,1f,e6,c2,c5,5f,66,87,54,3b,81,59,8e,
220,8c,1a,37,63,b5,f9,dd,29,c5,e8,e5,23,35,8a,2b,63,
230,64,b1,24,b0,94,b2,75,fd,12,a0,b8,46,70,bf,28,fe,
240,af,38,af,c4,b5,7e,15,7f,98,34,87,9,ab,2e,56,9c,
250,5d,12,61,d8,db,ac,58,f4,26,0,db,f1,b7,bf,9c,20,
260,d1,15,36,f5,45,ad,f3,ca,20,6a,30,43,77,ba,f1,a8,
270,b3,fe,63,0a,3,3,1b,e2,89,cd,e9,5,59,ae,8,8c,
280,1d,2e,36,9b,c3,8,59,f5,aa,c5,43,b9,c9,c8,6e,55,
290,b7,35,af,cb,57,90,5e,d7,80,2d,6e,32,29,21,db,99,
02a0,81,54,64,c9,57,d9,45,7,85,e1,31,a2,be,dd,f4,37,
02b0,e9,fa,98,7d,ca,ce,f7,27,8b,29,6d,ff,73,55,b5,96,
02c0,94,8d,28,a2,bc,9,7c,5,42,6d,5c,e8,80,5e,63,1b,
02d0,c4,f6,e3,fc,bb,b3,30,50,f9,f2,17,bd,17,2b,de,8a,
2,5c,8c,df,12,23,0f,6f,52,80,d4,be,b8,11,71,13,78,
02f0,d8,c9,dd,4b,c8,f6,49,c1,5a,4e,a8,d2,25,db,b3,...K..I.ZN..%..,
Reassembled,TCP,(1973,bytes):,,,,,,,,,,,,,,
0,17,3,3,7,b0,7a,52,e9,35,98,7b,31,38,b3,ab,12,
10,d1,b7,7a,6c,b4,7b,86,98,fd,8f,30,af,d7,6,86,21,
20,ce,57,40,2b,4a,de,88,5c,2d,a1,d4,18,fc,7,22,de,
30,25,62,ed,3c,2d,43,23,aa,bd,98,0a,61,17,c9,90,cf,
40,5f,8f,34,5a,36,25,ff,f0,0,be,37,30,82,6,c0,1c,
50,d6,19,b1,5c,ce,42,83,d1,6b,49,b5,57,7a,55,9a,f8,
60,a5,73,91,1a,14,47,75,a6,93,25,4d,96,5b,98,a3,98,
70,a7,b2,49,d3,dc,50,d9,3b,80,bb,b5,16,20,60,91,6c,
80,e1,ac,1a,7f,bb,2b,c3,6f,ac,93,7,9,42,7e,99,db,
90,96,49,a0,76,97,a2,1,6,89,bc,4a,d7,17,7b,13,9a,
00a0,77,eb,86,1c,13,eb,7a,78,f5,c0,bb,21,b7,4b,22,3b,
00b0,15,bf,c6,89,d4,16,23,cb,82,2a,9,b5,a1,13,23,b9,
00c0,c4,b0,ff,98,d1,4,c6,d2,17,ff,97,9d,1b,36,ac,76,
00d0,ce,2c,c8,6d,ec,26,3c,93,d1,7d,0,3a,eb,5d,50,88,
0,26,a2,c9,e7,66,98,55,9b,7d,7f,9a,68,2f,80,4e,d6,
00f0,9c,e3,dc,8,90,e7,3c,96,42,d1,13,1c,dc,4,e7,3f,
100,d8,2c,e8,42,7,66,44,1f,f4,e4,c6,f0,b7,57,91,f9,
110,ac,bd,b4,ff,98,65,d1,bc,39,d6,20,33,85,23,c3,40,
120,4f,c0,8,b4,5f,a7,b0,14,dd,e1,8c,19,49,3d,7b,96,
130,fb,a2,e5,91,ce,c5,d2,43,ac,d8,97,0c,e6,52,0a,ad,
140,86,b3,f3,3,6f,e7,0d,4f,36,2d,d5,67,37,59,8c,7b,
150,53,75,e8,0c,28,29,91,1b,ec,23,a3,26,cd,66,51,4e,
160,98,ec,9e,30,7e,a1,4b,55,ff,17,78,6b,db,3f,71,2e,
170,e1,6e,7a,96,bf,87,fb,86,8e,33,77,f2,be,8,6f,53,
180,3c,5d,31,24,28,4,4c,cd,19,3b,41,18,f5,2f,32,25,
190,cc,d6,d4,f5,7b,10,c0,0f,d5,0c,f6,55,76,a8,70,d1,
01a0,70,a0,12,a2,5e,b7,f9,fd,7e,2,11,1c,13,91,34,d0,
01b0,73,d8,31,70,d2,d4,4a,42,bc,f7,99,3a,c1,7e,d9,8a,
01c0,8c,bb,35,30,fe,b4,7a,48,57,24,dd,fb,a0,95,ca,8e,
01d0,26,8,88,66,a4,1d,4e,c7,93,45,5b,60,f4,0d,0e,2b,
1,71,e3,85,22,c3,fb,8c,83,dc,78,13,48,2c,e5,f1,ac,
01f0,3a,80,32,4e,30,be,1d,b3,56,2c,4e,31,20,4c,76,b3,
200,0f,0c,5e,f2,da,3d,0,69,7c,dd,87,7b,8b,a5,92,5e,
210,f7,f2,81,a7,3,fa,58,ff,ca,a5,62,40,f1,7b,a3,d9,
220,fc,69,48,ee,57,7f,3f,58,c2,ad,af,4a,cf,75,aa,9f,
230,3b,0a,af,3f,4e,91,a2,66,22,49,42,7d,4,45,c1,ba,
240,32,ba,c9,c7,3c,fe,62,dd,59,d1,5c,f4,bb,cc,d5,92,
250,9d,a6,b8,53,fa,3e,f7,4a,bc,51,64,cb,f9,9b,52,ef,
260,9b,99,45,6f,8b,b4,26,86,2c,24,af,76,25,b7,a5,cb,
270,23,f8,39,60,24,c9,76,da,e2,e9,ac,4f,17,5b,8e,da,
280,ad,a4,8c,6d,2,a9,a9,d8,ac,6d,79,7b,7c,49,2e,84,
290,34,82,96,24,77,f5,a5,d4,fb,fc,f5,d1,e1,39,a3,fc,
02a0,4e,e3,98,4c,6c,4f,ce,fd,57,fa,46,43,2c,19,ff,96,
02b0,d4,92,29,35,92,99,ea,df,a4,a7,e8,ba,c3,53,35,b1,
02c0,b9,40,8e,5b,74,eb,60,78,77,3f,28,d8,b2,63,bf,70,
02d0,1c,8a,28,0f,2f,30,6f,e1,9a,bc,b2,4a,cc,0,7e,6e,
2,bf,87,0,41,ad,10,41,49,a1,f1,94,66,ec,62,8e,f0,
02f0,b8,bd,25,c1,f8,63,78,82,c2,52,88,d1,17,9d,30,42,
300,f1,ed,b6,44,7e,e8,ce,d8,73,41,d0,0,b2,96,dd,ad,
310,f7,0c,ba,a9,52,fd,e8,bf,70,4,23,b8,c4,48,4d,6f,
320,fb,94,49,dc,f2,33,7e,3b,c0,21,64,82,ef,78,33,2b,
330,92,ed,4c,cb,92,ee,c8,34,88,d9,7f,7a,58,9,b8,5e,
340,d6,0,9b,cc,a5,96,bb,8a,51,e8,dc,99,8e,d6,40,23,
350,6c,71,9d,66,dc,e2,33,23,3b,3e,33,d9,3,bb,78,77,
360,a9,da,76,8e,9d,a7,9a,62,35,39,ad,53,d5,ed,8e,56,
370,f3,f3,3b,34,2d,ef,0,0c,99,c0,95,a5,9f,b1,4f,13,
380,e8,68,8f,e3,d1,87,c4,5d,8f,44,ab,8,15,6e,13,71,
390,22,b4,98,28,70,e9,af,3d,6a,77,9,4c,10,11,6b,be,
03a0,99,7f,7d,2a,d1,d6,7f,1c,6f,dd,30,48,86,7,e9,5b,
03b0,e9,ba,0,fe,d9,ef,13,32,c2,eb,77,d7,17,ca,fd,69,
03c0,44,32,8b,eb,fe,4d,de,b5,0a,88,50,fa,58,53,43,5,
03d0,61,ae,58,b0,c0,22,bd,6f,aa,84,3,92,28,7e,3c,90,
3,32,7d,1,d3,fa,a0,a0,da,ec,7d,6f,d6,4d,b1,ad,9b,
03f0,6c,c2,8f,3f,8d,79,68,87,bf,fb,36,b4,fe,3a,12,f2,
400,70,44,7f,19,c4,f8,22,e7,d7,8c,66,e1,a7,43,fd,f0,
410,7f,54,8e,65,68,8c,93,bf,cb,a1,fc,5d,9b,3d,3b,1b,
420,7f,ab,50,93,b6,60,c6,67,95,75,0f,5f,28,70,a6,f8,
430,73,61,fc,89,c1,6b,0b,d3,6a,6d,73,37,0f,78,ba,38,
440,b7,5,fb,30,b8,c6,4d,73,a8,76,ab,fe,c1,f2,74,34,
450,d9,95,f8,d1,8b,ba,df,c9,ed,4,14,cb,dc,cf,30,f4,
460,9,25,d1,1,0,b6,f4,4e,60,8c,1d,a2,12,38,dd,92,
470,a8,5c,3,ed,8,90,1,1c,ee,15,fe,58,7e,d6,ec,81,
480,33,cb,f7,98,55,b7,b7,d4,86,15,c0,81,4a,84,a8,77,
490,bd,4f,1d,d9,53,b2,6a,3a,1a,6b,f3,d4,ed,94,72,0b,
04a0,e0,f6,f6,bf,1c,4e,3c,6e,4a,5d,bf,d5,2c,7a,63,f6,
04b0,70,5a,d1,48,ef,ed,1,97,3e,94,6d,4,af,5b,0c,f3,
04c0,1b,ea,cd,e6,bb,97,e2,fe,1a,a2,5c,a4,30,dc,ec,db,
04d0,5e,af,70,e8,9,3c,9,e8,d3,9c,4c,db,c5,f6,c6,1c,
4,2e,5a,34,71,0,66,ee,9a,10,98,68,0a,3c,39,a9,1f,
04f0,47,f5,bc,3d,34,71,0b,f4,2e,71,e9,56,63,71,18,84,
500,0f,88,9f,77,d1,58,ae,71,e4,aa,6,c7,d5,28,40,71,
510,b1,2e,d8,ea,36,e2,40,ac,a8,55,a8,70,cc,19,eb,9c,
520,e8,73,83,a9,88,4a,dc,fb,f7,9c,79,5a,d9,a7,25,25,
530,c4,b9,e6,f4,0f,b7,b9,53,ba,62,82,df,66,0d,61,46,
540,d9,18,98,4c,8a,b9,9e,4,e8,c9,68,cd,a2,ba,89,eb,
550,31,fd,1c,3d,fe,13,82,94,54,3e,14,ec,98,da,e3,2,
560,3,18,7b,4b,29,9,b3,7b,a9,60,4c,82,e6,6c,b3,c1,
570,a9,18,21,bc,bc,98,ef,3a,16,2d,24,aa,61,99,30,e8,
580,20,98,d7,94,c9,b4,90,2b,ae,43,ee,84,75,35,d3,30,
590,e2,42,fb,94,82,f8,60,90,dd,a8,78,dd,7c,e4,d9,67,
05a0,75,d7,f5,90,4,76,6d,d7,4c,c0,74,f3,5d,28,80,a3,
05b0,e7,75,c2,7b,65,0e,5b,dd,6c,f0,ac,3d,b5,5,a7,c3,
05c0,84,70,5d,56,1f,1c,6d,73,8b,2b,a1,13,dc,a6,a9,df,
05d0,76,ce,16,bf,f3,7c,d4,e2,bb,1b,f7,f0,66,d3,f9,3c,
5,69,3d,45,82,dc,6c,7e,c8,d0,b2,40,7f,94,7b,96,a7,
05f0,c1,d5,22,48,c8,7b,db,6e,7a,5d,68,87,e3,dd,27,80,
600,37,e0,39,f7,99,67,8,df,5a,bd,da,42,35,65,a6,98,
610,9b,44,85,8b,f5,c6,c7,0d,5c,d4,82,82,40,df,1a,e1,
620,ae,62,e9,18,bd,a3,1d,63,4,64,bd,df,60,73,dd,6f,
630,b2,d5,40,cb,cc,ba,f0,78,6e,71,8d,40,fa,ff,3,55,
640,8d,66,e8,4e,e2,e2,93,5a,c1,d8,d6,1c,ee,4,f1,f4,
650,b7,a9,7f,28,9a,53,3,8c,bd,8f,6,d6,ab,b9,29,d9,
660,e7,0d,a3,b7,4c,67,ab,28,11,1c,81,0f,1,6,b8,b2,
670,0b,b8,40,e5,c7,59,ad,ef,13,78,30,9f,e2,f1,af,cd,
680,7f,e9,e2,ab,3c,d5,ab,d0,ae,a5,7e,c8,c4,71,5a,40,
690,37,f3,78,52,a6,8a,81,ce,61,18,20,30,12,fb,80,30,
06a0,2d,69,59,78,b4,9d,8e,cc,d3,a3,e9,ed,27,e5,13,59,
06b0,24,10,40,14,ee,24,29,12,b3,29,91,28,5,8e,72,e2,
06c0,0b,e7,1f,7e,fa,d0,7a,f0,6c,f6,1f,e6,c2,c5,5f,66,
06d0,87,54,3b,81,59,8e,8c,1a,37,63,b5,f9,dd,29,c5,e8,
6,e5,23,35,8a,2b,63,64,b1,24,b0,94,b2,75,fd,12,a0,
06f0,b8,46,70,bf,28,fe,af,38,af,c4,b5,7e,15,7f,98,34,
700,87,9,ab,2e,56,9c,5d,12,61,d8,db,ac,58,f4,26,0,
710,db,f1,b7,bf,9c,20,d1,15,36,f5,45,ad,f3,ca,20,6a,j
720,30,43,77,ba,f1,a8,b3,fe,63,0a,3,3,1b,e2,89,cd,
730,e9,5,59,ae,8,8c,1d,2e,36,9b,c3,8,59,f5,aa,c5,
740,43,b9,c9,c8,6e,55,b7,35,af,cb,57,90,5e,d7,80,2d,
750,6e,32,29,21,db,99,81,54,64,c9,57,d9,45,7,85,e1,
760,31,a2,be,dd,f4,37,e9,fa,98,7d,ca,ce,f7,27,8b,29,
770,6d,ff,73,55,b5,96,94,8d,28,a2,bc,9,7c,5,42,6d,
780,5c,e8,80,5e,63,1b,c4,f6,e3,fc,bb,b3,30,50,f9,f2,
790,17,bd,17,2b,de,8a,5c,8c,df,12,23,0f,6f,52,80,d4,
07a0,be,b8,11,71,13,78,d8,c9,dd,4b,c8,f6,49,c1,5a,4e,
07b0,a8,d2,25,db,b3,..%..,,,,,,,,,,,
,,,,,,,,,,,,,,,,,
0,60,e3,27,52,8e,c1,80,19,34,78,88,6d,8,0,45,0,
10,0,28,5d,8d,40,0,80,6,0e,7e,c0,a8,0,6b,26,7f,
20,a7,32,cb,82,1,bb,94,55,60,b4,ef,76,f9,38,50,10,
30,3,fd,72,1b,0,0,..r...,,,,,,,,,,
,,,,,,,,,,,,,,,,,
0,60,e3,27,52,8e,c1,80,19,34,78,88,6d,8,0,45,0,
10,0,48,3a,91,0,0,80,11,7e,57,c0,a8,0,6b,c0,a8,
20,0,1,f1,8a,0,35,0,34,3b,28,6,b6,1,0,0,1,
30,0,0,0,0,0,0,2,35,30,3,31,36,37,3,31,32,
40,37,2,33,38,7,69,6e,2d,61,64,64,72,4,61,72,70,
50,61,0,0,0c,0,1,a.....,,,,,,,,,,
,,,,,,,,,,,,,,,,,
0,60,e3,27,52,8e,c1,80,19,34,78,88,6d,8,0,45,0,
10,0,56,3a,92,0,0,ff,11,ff,47,c0,a8,0,6b,c0,a8,
20,0,1,e9,3b,0,35,0,42,bd,54,aa,0f,1,0,0,1,
30,0,0,0,0,0,0,1,62,7,5f,64,6e,73,2d,73,64,
40,4,5f,75,64,70,1,30,2,35,36,3,31,36,38,3,31,
50,39,32,7,69,6e,2d,61,64,64,72,4,61,72,70,61,0,
60,0,0c,0,1,....,,,,,,,,,,,,
,,,,,,,,,,,,,,,,,
0,60,e3,27,52,8e,c1,80,19,34,78,88,6d,8,0,45,0,
10,0,57,3a,93,0,0,ff,11,ff,45,c0,a8,0,6b,c0,a8,
20,0,1,e0,ac,0,35,0,43,b2,0a,10,2f,1,0,0,1,
30,0,0,0,0,0,0,2,64,62,7,5f,64,6e,73,2d,73,
40,64,4,5f,75,64,70,1,30,2,35,36,3,31,36,38,3,
50,31,39,32,7,69,6e,2d,61,64,64,72,4,61,72,70,61,
60,0,0,0c,0,1,.....,,,,,,,,,,,
,,,,,,,,,,,,,,,,,
0,60,e3,27,52,8e,c1,80,19,34,78,88,6d,8,0,45,0,
10,0,56,3a,94,0,0,ff,11,ff,45,c0,a8,0,6b,c0,a8,
20,0,1,e6,69,0,35,0,42,6f,d7,fa,4e,1,0,0,1,
30,0,0,0,0,0,0,1,72,7,5f,64,6e,73,2d,73,64,
40,4,5f,75,64,70,1,30,2,35,36,3,31,36,38,3,31,
50,39,32,7,69,6e,2d,61,64,64,72,4,61,72,70,61,0,
60,0,0c,0,1,....,,,,,,,,,,,,
,,,,,,,,,,,,,,,,,
0,60,e3,27,52,8e,c1,80,19,34,78,88,6d,8,0,45,0,
10,0,57,3a,95,0,0,ff,11,ff,43,c0,a8,0,6b,c0,a8,
20,0,1,cb,7b,0,35,0,43,bc,36,0b,34,1,0,0,1,
30,0,0,0,0,0,0,2,64,72,7,5f,64,6e,73,2d,73,
40,64,4,5f,75,64,70,1,30,2,35,36,3,31,36,38,3,
50,31,39,32,7,69,6e,2d,61,64,64,72,4,61,72,70,61,
60,0,0,0c,0,1,.....,,,,,,,,,,,
,,,,,,,,,,,,,,,,,
0,60,e3,27,52,8e,c1,80,19,34,78,88,6d,8,0,45,0,
10,0,57,3a,96,0,0,ff,11,ff,42,c0,a8,0,6b,c0,a8,
20,0,1,fe,88,0,35,0,43,45,fa,5e,5b,1,0,0,1,
30,0,0,0,0,0,0,2,6c,62,7,5f,64,6e,73,2d,73,
40,64,4,5f,75,64,70,1,30,2,35,36,3,31,36,38,3,
50,31,39,32,7,69,6e,2d,61,64,64,72,4,61,72,70,61,
60,0,0,0c,0,1,.....,,,,,,,,,,,
,,,,,,,,,,,,,,,,,
0,60,e3,27,52,8e,c1,80,19,34,78,88,6d,8,0,45,0,
10,0,55,3a,97,0,0,ff,11,ff,43,c0,a8,0,6b,c0,a8,
20,0,1,df,65,0,35,0,41,37,a2,af,60,1,0,0,1,
30,0,0,0,0,0,0,1,62,7,5f,64,6e,73,2d,73,64,
40,4,5f,75,64,70,1,30,1,30,3,31,36,38,3,31,39,
50,32,7,69,6e,2d,61,64,64,72,4,61,72,70,61,0,0,
60,0c,0,1,...,,,,,,,,,,,,,
,,,,,,,,,,,,,,,,,
0,60,e3,27,52,8e,c1,80,19,34,78,88,6d,8,0,45,0,
10,0,56,3a,98,0,0,ff,11,ff,41,c0,a8,0,6b,c0,a8,
20,0,1,cb,aa,0,35,0,42,28,58,75,5b,1,0,0,1,
30,0,0,0,0,0,0,2,64,62,7,5f,64,6e,73,2d,73,
40,64,4,5f,75,64,70,1,30,1,30,3,31,36,38,3,31,
50,39,32,7,69,6e,2d,61,64,64,72,4,61,72,70,61,0,
60,0,0c,0,1,....,,,,,,,,,,,,
,,,,,,,,,,,,,,,,,
0,60,e3,27,52,8e,c1,80,19,34,78,88,6d,8,0,45,0,
10,0,55,3a,99,0,0,ff,11,ff,41,c0,a8,0,6b,c0,a8,
20,0,1,d0,2b,0,35,0,41,b4,b1,41,7b,1,0,0,1,
30,0,0,0,0,0,0,1,72,7,5f,64,6e,73,2d,73,64,
40,4,5f,75,64,70,1,30,1,30,3,31,36,38,3,31,39,
50,32,7,69,6e,2d,61,64,64,72,4,61,72,70,61,0,0,
60,0c,0,1,...,,,,,,,,,,,,,
,,,,,,,,,,,,,,,,,
0,60,e3,27,52,8e,c1,80,19,34,78,88,6d,8,0,45,0,
10,0,56,3a,9a,0,0,ff,11,ff,3f,c0,a8,0,6b,c0,a8,
20,0,1,c7,16,0,35,0,42,1d,df,74,68,1,0,0,1,
30,0,0,0,0,0,0,2,64,72,7,5f,64,6e,73,2d,73,
40,64,4,5f,75,64,70,1,30,1,30,3,31,36,38,3,31,
50,39,32,7,69,6e,2d,61,64,64,72,4,61,72,70,61,0,
60,0,0c,0,1,....,,,,,,,,,,,,
,,,,,,,,,,,,,,,,,
0,60,e3,27,52,8e,c1,80,19,34,78,88,6d,8,0,45,0,
10,0,56,3a,9b,0,0,ff,11,ff,3e,c0,a8,0,6b,c0,a8,
20,0,1,ed,ea,0,35,0,42,9c,bf,de,ab,1,0,0,1,
30,0,0,0,0,0,0,2,6c,62,7,5f,64,6e,73,2d,73,
40,64,4,5f,75,64,70,1,30,1,30,3,31,36,38,3,31,
50,39,32,7,69,6e,2d,61,64,64,72,4,61,72,70,61,0,
60,0,0c,0,1,....,,,,,,,,,,,,
,,,,,,,,,,,,,,,,,
0,80,19,34,78,88,6d,60,e3,27,52,8e,c1,8,0,45,40,
10,0,56,0,0,40,0,38,11,c0,9a,c0,a8,0,1,c0,a8,
20,0,6b,0,35,e9,3b,0,42,3c,d1,aa,0f,81,83,0,1,
30,0,0,0,0,0,0,1,62,7,5f,64,6e,73,2d,73,64,
40,4,5f,75,64,70,1,30,2,35,36,3,31,36,38,3,31,
50,39,32,7,69,6e,2d,61,64,64,72,4,61,72,70,61,0,
60,0,0c,0,1,....,,,,,,,,,,,,
,,,,,,,,,,,,,,,,,
0,80,19,34,78,88,6d,60,e3,27,52,8e,c1,8,0,45,40,
10,0,57,0,0,40,0,38,11,c0,99,c0,a8,0,1,c0,a8,
20,0,6b,0,35,e0,ac,0,43,31,87,10,2f,81,83,0,1,
30,0,0,0,0,0,0,2,64,62,7,5f,64,6e,73,2d,73,
40,64,4,5f,75,64,70,1,30,2,35,36,3,31,36,38,3,
50,31,39,32,7,69,6e,2d,61,64,64,72,4,61,72,70,61,
60,0,0,0c,0,1,.....,,,,,,,,,,,
,,,,,,,,,,,,,,,,,
0,80,19,34,78,88,6d,60,e3,27,52,8e,c1,8,0,45,40,
10,0,56,0,0,40,0,38,11,c0,9a,c0,a8,0,1,c0,a8,
20,0,6b,0,35,e6,69,0,42,ef,53,fa,4e,81,83,0,1,
30,0,0,0,0,0,0,1,72,7,5f,64,6e,73,2d,73,64,
40,4,5f,75,64,70,1,30,2,35,36,3,31,36,38,3,31,
50,39,32,7,69,6e,2d,61,64,64,72,4,61,72,70,61,0,
60,0,0c,0,1,....,,,,,,,,,,,,
,,,,,,,,,,,,,,,,,
0,80,19,34,78,88,6d,60,e3,27,52,8e,c1,8,0,45,40,
10,0,57,0,0,40,0,38,11,c0,99,c0,a8,0,1,c0,a8,
20,0,6b,0,35,fe,88,0,43,c5,76,5e,5b,81,83,0,1,
30,0,0,0,0,0,0,2,6c,62,7,5f,64,6e,73,2d,73,
40,64,4,5f,75,64,70,1,30,2,35,36,3,31,36,38,3,
50,31,39,32,7,69,6e,2d,61,64,64,72,4,61,72,70,61,
60,0,0,0c,0,1,.....,,,,,,,,,,,
,,,,,,,,,,,,,,,,,
0,80,19,34,78,88,6d,60,e3,27,52,8e,c1,8,0,45,40,
10,0,57,0,0,40,0,38,11,c0,99,c0,a8,0,1,c0,a8,
20,0,6b,0,35,cb,7b,0,43,3b,b3,0b,34,81,83,0,1,
30,0,0,0,0,0,0,2,64,72,7,5f,64,6e,73,2d,73,
40,64,4,5f,75,64,70,1,30,2,35,36,3,31,36,38,3,
50,31,39,32,7,69,6e,2d,61,64,64,72,4,61,72,70,61,
60,0,0,0c,0,1,.....,,,,,,,,,,,
,,,,,,,,,,,,,,,,,
0,80,19,34,78,88,6d,60,e3,27,52,8e,c1,8,0,45,40,
10,0,55,0,0,40,0,38,11,c0,9b,c0,a8,0,1,c0,a8,
20,0,6b,0,35,df,65,0,41,b7,1e,af,60,81,83,0,1,
30,0,0,0,0,0,0,1,62,7,5f,64,6e,73,2d,73,64,
40,4,5f,75,64,70,1,30,1,30,3,31,36,38,3,31,39,
50,32,7,69,6e,2d,61,64,64,72,4,61,72,70,61,0,0,
60,0c,0,1,...,,,,,,,,,,,,,
,,,,,,,,,,,,,,,,,
0,80,19,34,78,88,6d,60,e3,27,52,8e,c1,8,0,45,40,
10,0,56,0,0,40,0,38,11,c0,9a,c0,a8,0,1,c0,a8,
20,0,6b,0,35,c7,16,0,42,9d,5b,74,68,81,83,0,1,
30,0,0,0,0,0,0,2,64,72,7,5f,64,6e,73,2d,73,
40,64,4,5f,75,64,70,1,30,1,30,3,31,36,38,3,31,
50,39,32,7,69,6e,2d,61,64,64,72,4,61,72,70,61,0,
60,0,0c,0,1,....,,,,,,,,,,,,
,,,,,,,,,,,,,,,,,
0,80,19,34,78,88,6d,60,e3,27,52,8e,c1,8,0,45,40,
10,0,56,0,0,40,0,38,11,c0,9a,c0,a8,0,1,c0,a8,
20,0,6b,0,35,ed,ea,0,42,1c,3c,de,ab,81,83,0,1,
30,0,0,0,0,0,0,2,6c,62,7,5f,64,6e,73,2d,73,
40,64,4,5f,75,64,70,1,30,1,30,3,31,36,38,3,31,
50,39,32,7,69,6e,2d,61,64,64,72,4,61,72,70,61,0,
60,0,0c,0,1,....,,,,,,,,,,,,
,,,,,,,,,,,,,,,,,
0,80,19,34,78,88,6d,60,e3,27,52,8e,c1,8,0,45,40,
10,0,55,0,0,40,0,38,11,c0,9b,c0,a8,0,1,c0,a8,
20,0,6b,0,35,d0,2b,0,41,34,2e,41,7b,81,83,0,1,
30,0,0,0,0,0,0,1,72,7,5f,64,6e,73,2d,73,64,
40,4,5f,75,64,70,1,30,1,30,3,31,36,38,3,31,39,
50,32,7,69,6e,2d,61,64,64,72,4,61,72,70,61,0,0,
60,0c,0,1,...,,,,,,,,,,,,,
,,,,,,,,,,,,,,,,,
0,80,19,34,78,88,6d,60,e3,27,52,8e,c1,8,0,45,40,
10,0,56,0,0,40,0,38,11,c0,9a,c0,a8,0,1,c0,a8,
20,0,6b,0,35,cb,aa,0,42,a7,d4,75,5b,81,83,0,1,
30,0,0,0,0,0,0,2,64,62,7,5f,64,6e,73,2d,73,
40,64,4,5f,75,64,70,1,30,1,30,3,31,36,38,3,31,
50,39,32,7,69,6e,2d,61,64,64,72,4,61,72,70,61,0,
60,0,0c,0,1,....,,,,,,,,,,,,
,,,,,,,,,,,,,,,,,
0,80,19,34,78,88,6d,60,e3,27,52,8e,c1,8,0,45,40,
10,0,89,0,0,40,0,38,11,c0,67,c0,a8,0,1,c0,a8,
20,0,6b,0,35,f1,8a,0,75,ce,63,6,b6,81,80,0,1,
30,0,2,0,0,0,0,2,35,30,3,31,36,37,3,31,32,
40,37,2,33,38,7,69,6e,2d,61,64,64,72,4,61,72,70,
50,61,0,0,0c,0,1,c0,0c,0,5,0,1,0,0,a8,c0,
60,0,1c,2,33,38,3,31,32,37,3,31,36,37,2,35,30,
70,8,4c,61,73,74,50,61,73,73,3,63,6f,6d,0,c0,38,
80,0,0c,0,1,0,0,0e,10,0,0d,0a,68,65,72,6e,64,
90,6f,6e,2d,35,30,c0,46,on-50.F,,,,,,,,,
,,,,,,,,,,,,,,,,,
0,ff,ff,ff,ff,ff,ff,60,e3,27,52,8e,c1,8,0,45,0,
10,0,c9,0,0,40,0,40,11,79,7b,c0,a8,0,1,ff,ff,
20,ff,ff,b0,c2,1d,0d,0,b5,4d,d3,4b,41,4e,4e,4f,55,
30,25,4e,0,0,0,0,0,60,e3,27,52,8e,c1,54,4c,2d,
40,57,44,52,33,35,30,30,0,0,0,0,0,0,54,4c,2d,
50,57,44,52,33,35,30,30,0,0,0,0,0,0,0,0,0,
60,0,0,0,0,0,0,0,0,0,0,0,0,0,0,0,0,
70,0,0,0,0,0,0,0,0,0,0,0,0,0,0,0,0,
80,0,31,2e,31,38,34,0,0,0,0,0,0,0,0,0,0,
90,0,0,0,0,0,0,0,1,0,0,0,1,0,0,0,2,
00a0,0,0,0,1,0,0,0,0,0,0,0,0,0,0,0,0,
00b0,0,0,0,0,0,0,0,0,0,0,0,0,0,0,0,0,
00c0,0,0,0,0,0,0,0,0,0,0,0,0,0,0,0,0,
00d0,0,0,0,0,0,0,0,.......,,,,,,,,,
,,,,,,,,,,,,,,,,,
0,ff,ff,ff,ff,ff,ff,60,e3,27,52,8e,c1,8,0,45,0,
10,0,c9,0,0,40,0,40,11,79,7b,c0,a8,0,1,ff,ff,
20,ff,ff,b0,c2,1d,0d,0,b5,4d,d3,4b,41,4e,4e,4f,55,
30,25,4e,0,0,0,0,0,60,e3,27,52,8e,c1,54,4c,2d,
40,57,44,52,33,35,30,30,0,0,0,0,0,0,54,4c,2d,
50,57,44,52,33,35,30,30,0,0,0,0,0,0,0,0,0,
60,0,0,0,0,0,0,0,0,0,0,0,0,0,0,0,0,
70,0,0,0,0,0,0,0,0,0,0,0,0,0,0,0,0,
80,0,31,2e,31,38,34,0,0,0,0,0,0,0,0,0,0,
90,0,0,0,0,0,0,0,1,0,0,0,1,0,0,0,2,
00a0,0,0,0,1,0,0,0,0,0,0,0,0,0,0,0,0,
00b0,0,0,0,0,0,0,0,0,0,0,0,0,0,0,0,0,
00c0,0,0,0,0,0,0,0,0,0,0,0,0,0,0,0,0,
00d0,0,0,0,0,0,0,0,.......,,,,,,,,,
,,,,,,,,,,,,,,,,,
0,1,0,5e,7f,ff,fa,60,e3,27,52,8e,c1,8,0,45,0,
10,1,25,0,0,40,0,4,11,c5,24,c0,a8,0,1,ef,ff,
20,ff,fa,e2,16,7,6c,1,11,22,24,4e,4f,54,49,46,59,
30,20,2a,20,48,54,54,50,2f,31,2e,31,0d,0a,48,4f,53,
40,54,3a,20,32,33,39,2e,32,35,35,2e,32,35,35,2e,32,
50,35,30,3a,31,39,30,30,0d,0a,43,41,43,48,45,2d,43,
60,4f,4e,54,52,4f,4c,3a,20,6d,61,78,2d,61,67,65,3d,
70,31,30,30,0d,0a,4c,4f,43,41,54,49,4f,4e,3a,20,68,
80,74,74,70,3a,2f,2f,31,39,32,2e,31,36,38,2e,30,2e,
90,31,3a,31,39,30,30,2f,69,67,64,2e,78,6d,6c,0d,0a,
00a0,4e,54,3a,20,75,70,6e,70,3a,72,6f,6f,74,64,65,76,
00b0,69,63,65,0d,0a,4e,54,53,3a,20,73,73,64,70,3a,61,
00c0,6c,69,76,65,0d,0a,53,45,52,56,45,52,3a,20,69,70,
00d0,6f,73,2f,37,2e,30,20,55,50,6e,50,2f,31,2e,30,20,
0,54,4c,2d,57,44,52,33,35,30,30,2f,31,2e,30,0d,0a,
00f0,55,53,4e,3a,20,75,75,69,64,3a,30,36,30,62,37,33,
100,35,33,2d,66,63,61,36,2d,34,30,37,30,2d,38,35,66,
110,34,2d,31,66,62,66,62,39,61,64,64,36,32,63,3a,3a,
120,75,70,6e,70,3a,72,6f,6f,74,64,65,76,69,63,65,0d,
130,0a,0d,0a,...,,,,,,,,,,,,,
,,,,,,,,,,,,,,,,,
0,1,0,5e,7f,ff,fa,60,e3,27,52,8e,c1,8,0,45,0,
10,1,2e,0,0,40,0,4,11,c5,1b,c0,a8,0,1,ef,ff,
20,ff,fa,e2,16,7,6c,1,1a,85,f6,4e,4f,54,49,46,59,
30,20,2a,20,48,54,54,50,2f,31,2e,31,0d,0a,48,4f,53,
40,54,3a,20,32,33,39,2e,32,35,35,2e,32,35,35,2e,32,
50,35,30,3a,31,39,30,30,0d,0a,43,41,43,48,45,2d,43,
60,4f,4e,54,52,4f,4c,3a,20,6d,61,78,2d,61,67,65,3d,
70,31,30,30,0d,0a,4c,4f,43,41,54,49,4f,4e,3a,20,68,
80,74,74,70,3a,2f,2f,31,39,32,2e,31,36,38,2e,30,2e,
90,31,3a,31,39,30,30,2f,69,67,64,2e,78,6d,6c,0d,0a,
00a0,4e,54,3a,20,75,75,69,64,3a,30,36,30,62,37,33,35,
00b0,33,2d,66,63,61,36,2d,34,30,37,30,2d,38,35,66,34,
00c0,2d,31,66,62,66,62,39,61,64,64,36,32,63,0d,0a,4e,
00d0,54,53,3a,20,73,73,64,70,3a,61,6c,69,76,65,0d,0a,
0,53,45,52,56,45,52,3a,20,69,70,6f,73,2f,37,2e,30,
00f0,20,55,50,6e,50,2f,31,2e,30,20,54,4c,2d,57,44,52,
100,33,35,30,30,2f,31,2e,30,0d,0a,55,53,4e,3a,20,75,
110,75,69,64,3a,30,36,30,62,37,33,35,33,2d,66,63,61,
120,36,2d,34,30,37,30,2d,38,35,66,34,2d,31,66,62,66,
130,62,39,61,64,64,36,32,63,0d,0a,0d,0a,b9add62c....,,,,
,,,,,,,,,,,,,,,,,
0,1,0,5e,7f,ff,fa,60,e3,27,52,8e,c1,8,0,45,0,
10,1,6d,0,0,40,0,4,11,c4,dc,c0,a8,0,1,ef,ff,
20,ff,fa,e2,16,7,6c,1,59,1a,be,4e,4f,54,49,46,59,
30,20,2a,20,48,54,54,50,2f,31,2e,31,0d,0a,48,4f,53,
40,54,3a,20,32,33,39,2e,32,35,35,2e,32,35,35,2e,32,
50,35,30,3a,31,39,30,30,0d,0a,43,41,43,48,45,2d,43,
60,4f,4e,54,52,4f,4c,3a,20,6d,61,78,2d,61,67,65,3d,
70,31,30,30,0d,0a,4c,4f,43,41,54,49,4f,4e,3a,20,68,
80,74,74,70,3a,2f,2f,31,39,32,2e,31,36,38,2e,30,2e,
90,31,3a,31,39,30,30,2f,69,67,64,2e,78,6d,6c,0d,0a,
00a0,4e,54,3a,20,75,72,6e,3a,73,63,68,65,6d,61,73,2d,
00b0,75,70,6e,70,2d,6f,72,67,3a,64,65,76,69,63,65,3a,
00c0,49,6e,74,65,72,6e,65,74,47,61,74,65,77,61,79,44,
00d0,65,76,69,63,65,3a,31,0d,0a,4e,54,53,3a,20,73,73,
0,64,70,3a,61,6c,69,76,65,0d,0a,53,45,52,56,45,52,
00f0,3a,20,69,70,6f,73,2f,37,2e,30,20,55,50,6e,50,2f,UPnP/
100,31,2e,30,20,54,4c,2d,57,44,52,33,35,30,30,2f,31,
110,2e,30,0d,0a,55,53,4e,3a,20,75,75,69,64,3a,30,36,
120,30,62,37,33,35,33,2d,66,63,61,36,2d,34,30,37,30,
130,2d,38,35,66,34,2d,31,66,62,66,62,39,61,64,64,36,
140,32,63,3a,3a,75,72,6e,3a,73,63,68,65,6d,61,73,2d,
150,75,70,6e,70,2d,6f,72,67,3a,64,65,76,69,63,65,3a,
160,49,6e,74,65,72,6e,65,74,47,61,74,65,77,61,79,44,
170,65,76,69,63,65,3a,31,0d,0a,0d,0a,evice:1....,,,,,
,,,,,,,,,,,,,,,,,
0,1,0,5e,7f,ff,fa,60,e3,27,52,8e,c1,8,0,45,0,
10,1,65,0,0,40,0,4,11,c4,e4,c0,a8,0,1,ef,ff,
20,ff,fa,e2,16,7,6c,1,51,34,6,4e,4f,54,49,46,59,
30,20,2a,20,48,54,54,50,2f,31,2e,31,0d,0a,48,4f,53,
40,54,3a,20,32,33,39,2e,32,35,35,2e,32,35,35,2e,32,
50,35,30,3a,31,39,30,30,0d,0a,43,41,43,48,45,2d,43,
60,4f,4e,54,52,4f,4c,3a,20,6d,61,78,2d,61,67,65,3d,
70,31,30,30,0d,0a,4c,4f,43,41,54,49,4f,4e,3a,20,68,
80,74,74,70,3a,2f,2f,31,39,32,2e,31,36,38,2e,30,2e,
90,31,3a,31,39,30,30,2f,69,67,64,2e,78,6d,6c,0d,0a,
00a0,4e,54,3a,20,75,72,6e,3a,73,63,68,65,6d,61,73,2d,
00b0,75,70,6e,70,2d,6f,72,67,3a,73,65,72,76,69,63,65,
00c0,3a,4c,61,79,65,72,33,46,6f,72,77,61,72,64,69,6e,
00d0,67,3a,31,0d,0a,4e,54,53,3a,20,73,73,64,70,3a,61,
0,6c,69,76,65,0d,0a,53,45,52,56,45,52,3a,20,69,70,
00f0,6f,73,2f,37,2e,30,20,55,50,6e,50,2f,31,2e,30,20,
100,54,4c,2d,57,44,52,33,35,30,30,2f,31,2e,30,0d,0a,
110,55,53,4e,3a,20,75,75,69,64,3a,30,36,30,62,37,33,
120,35,33,2d,66,63,61,36,2d,34,30,37,30,2d,38,35,66,
130,34,2d,31,66,62,66,62,39,61,64,64,36,32,63,3a,3a,
140,75,72,6e,3a,73,63,68,65,6d,61,73,2d,75,70,6e,70,
150,2d,6f,72,67,3a,73,65,72,76,69,63,65,3a,4c,61,79,
160,65,72,33,46,6f,72,77,61,72,64,69,6e,67,3a,31,0d,
170,0a,0d,0a,...,,,,,,,,,,,,,
,,,,,,,,,,,,,,,,,
0,60,e3,27,52,8e,c1,80,19,34,78,88,6d,8,0,45,0,
10,0,4a,3a,9c,0,0,80,11,7e,4a,c0,a8,0,6b,c0,a8,
20,0,1,f1,a9,0,35,0,36,6b,36,2c,c7,1,0,0,1,
30,0,0,0,0,0,0,3,32,35,30,3,32,35,35,3,32,
40,35,35,3,32,33,39,7,69,6e,2d,61,64,64,72,4,61,
50,72,70,61,0,0,0c,0,1,rpa.....,,,,,,,,
,,,,,,,,,,,,,,,,,
0,80,19,34,78,88,6d,60,e3,27,52,8e,c1,8,0,45,40,
10,0,83,0,0,40,0,38,11,c0,6d,c0,a8,0,1,c0,a8,
20,0,6b,0,35,f1,a9,0,6f,1e,c8,2c,c7,81,83,0,1,
30,0,0,0,1,0,0,3,32,35,30,3,32,35,35,3,32,
40,35,35,3,32,33,39,7,69,6e,2d,61,64,64,72,4,61,
50,72,70,61,0,0,0c,0,1,c0,18,0,6,0,1,0,0,
60,2,90,0,2d,3,73,6e,73,3,64,6e,73,5,69,63,61,
70,6e,6e,3,6f,72,67,0,3,6e,6f,63,c0,3e,78,1b,af,
80,e2,0,0,1c,20,0,0,0e,10,0,9,3a,80,0,0,0e,
90,10,.,,,,,,,,,,,,,,,
,,,,,,,,,,,,,,,,,
0,1,0,5e,7f,ff,fa,60,e3,27,52,8e,c1,8,0,45,0,
10,1,2e,0,0,40,0,4,11,c5,1b,c0,a8,0,1,ef,ff,
20,ff,fa,e2,16,7,6c,1,1a,c6,36,4e,4f,54,49,46,59,
30,20,2a,20,48,54,54,50,2f,31,2e,31,0d,0a,48,4f,53,
40,54,3a,20,32,33,39,2e,32,35,35,2e,32,35,35,2e,32,
50,35,30,3a,31,39,30,30,0d,0a,43,41,43,48,45,2d,43,
60,4f,4e,54,52,4f,4c,3a,20,6d,61,78,2d,61,67,65,3d,
70,31,30,30,0d,0a,4c,4f,43,41,54,49,4f,4e,3a,20,68,
80,74,74,70,3a,2f,2f,31,39,32,2e,31,36,38,2e,30,2e,
90,31,3a,31,39,30,30,2f,69,67,64,2e,78,6d,6c,0d,0a,
00a0,4e,54,3a,20,75,75,69,64,3a,32,35,34,65,39,39,37,
00b0,37,2d,38,39,36,34,2d,34,39,66,33,2d,62,38,64,35,
00c0,2d,35,31,61,63,62,37,62,64,34,30,66,63,0d,0a,4e,
00d0,54,53,3a,20,73,73,64,70,3a,61,6c,69,76,65,0d,0a,
0,53,45,52,56,45,52,3a,20,69,70,6f,73,2f,37,2e,30,
00f0,20,55,50,6e,50,2f,31,2e,30,20,54,4c,2d,57,44,52,
100,33,35,30,30,2f,31,2e,30,0d,0a,55,53,4e,3a,20,75,
110,75,69,64,3a,32,35,34,65,39,39,37,37,2d,38,39,36,
120,34,2d,34,39,66,33,2d,62,38,64,35,2d,35,31,61,63,
130,62,37,62,64,34,30,66,63,0d,0a,0d,0a,b7bd40fc....,,,,
,,,,,,,,,,,,,,,,,
0,1,0,5e,7f,ff,fa,60,e3,27,52,8e,c1,8,0,45,0,
10,1,55,0,0,40,0,4,11,c4,f4,c0,a8,0,1,ef,ff,
20,ff,fa,e2,16,7,6c,1,41,3b,82,4e,4f,54,49,46,59,
30,20,2a,20,48,54,54,50,2f,31,2e,31,0d,0a,48,4f,53,
40,54,3a,20,32,33,39,2e,32,35,35,2e,32,35,35,2e,32,
50,35,30,3a,31,39,30,30,0d,0a,43,41,43,48,45,2d,43,
60,4f,4e,54,52,4f,4c,3a,20,6d,61,78,2d,61,67,65,3d,
70,31,30,30,0d,0a,4c,4f,43,41,54,49,4f,4e,3a,20,68,
80,74,74,70,3a,2f,2f,31,39,32,2e,31,36,38,2e,30,2e,
90,31,3a,31,39,30,30,2f,69,67,64,2e,78,6d,6c,0d,0a,
00a0,4e,54,3a,20,75,72,6e,3a,73,63,68,65,6d,61,73,2d,
00b0,75,70,6e,70,2d,6f,72,67,3a,64,65,76,69,63,65,3a,
00c0,57,41,4e,44,65,76,69,63,65,3a,31,0d,0a,4e,54,53,
00d0,3a,20,73,73,64,70,3a,61,6c,69,76,65,0d,0a,53,45,
0,52,56,45,52,3a,20,69,70,6f,73,2f,37,2e,30,20,55,U
00f0,50,6e,50,2f,31,2e,30,20,54,4c,2d,57,44,52,33,35,
100,30,30,2f,31,2e,30,0d,0a,55,53,4e,3a,20,75,75,69,
110,64,3a,32,35,34,65,39,39,37,37,2d,38,39,36,34,2d,
120,34,39,66,33,2d,62,38,64,35,2d,35,31,61,63,62,37,
130,62,64,34,30,66,63,3a,3a,75,72,6e,3a,73,63,68,65,
140,6d,61,73,2d,75,70,6e,70,2d,6f,72,67,3a,64,65,76,
150,69,63,65,3a,57,41,4e,44,65,76,69,63,65,3a,31,0d,
160,0a,0d,0a,...,,,,,,,,,,,,,
,,,,,,,,,,,,,,,,,
0,1,0,5e,7f,ff,fa,60,e3,27,52,8e,c1,8,0,45,0,
10,1,2e,0,0,40,0,4,11,c5,1b,c0,a8,0,1,ef,ff,
20,ff,fa,e2,16,7,6c,1,1a,cc,3c,4e,4f,54,49,46,59,
30,20,2a,20,48,54,54,50,2f,31,2e,31,0d,0a,48,4f,53,
40,54,3a,20,32,33,39,2e,32,35,35,2e,32,35,35,2e,32,
50,35,30,3a,31,39,30,30,0d,0a,43,41,43,48,45,2d,43,
60,4f,4e,54,52,4f,4c,3a,20,6d,61,78,2d,61,67,65,3d,
70,31,30,30,0d,0a,4c,4f,43,41,54,49,4f,4e,3a,20,68,
80,74,74,70,3a,2f,2f,31,39,32,2e,31,36,38,2e,30,2e,
90,31,3a,31,39,30,30,2f,69,67,64,2e,78,6d,6c,0d,0a,
00a0,4e,54,3a,20,75,75,69,64,3a,39,66,30,38,36,35,62,
00b0,33,2d,66,35,64,61,2d,34,61,64,35,2d,38,35,62,37,
00c0,2d,37,34,30,34,36,33,37,66,64,66,33,37,0d,0a,4e,
00d0,54,53,3a,20,73,73,64,70,3a,61,6c,69,76,65,0d,0a,
0,53,45,52,56,45,52,3a,20,69,70,6f,73,2f,37,2e,30,
00f0,20,55,50,6e,50,2f,31,2e,30,20,54,4c,2d,57,44,52,
100,33,35,30,30,2f,31,2e,30,0d,0a,55,53,4e,3a,20,75,
110,75,69,64,3a,39,66,30,38,36,35,62,33,2d,66,35,64,
120,61,2d,34,61,64,35,2d,38,35,62,37,2d,37,34,30,34,
130,36,33,37,66,64,66,33,37,0d,0a,0d,0a,637fdf37....,,,,
,,,,,,,,,,,,,,,,,
0,1,0,5e,7f,ff,fa,60,e3,27,52,8e,c1,8,0,45,0,
10,1,69,0,0,40,0,4,11,c4,e0,c0,a8,0,1,ef,ff,
20,ff,fa,e2,16,7,6c,1,55,41,32,4e,4f,54,49,46,59,
30,20,2a,20,48,54,54,50,2f,31,2e,31,0d,0a,48,4f,53,
40,54,3a,20,32,33,39,2e,32,35,35,2e,32,35,35,2e,32,
50,35,30,3a,31,39,30,30,0d,0a,43,41,43,48,45,2d,43,
60,4f,4e,54,52,4f,4c,3a,20,6d,61,78,2d,61,67,65,3d,
70,31,30,30,0d,0a,4c,4f,43,41,54,49,4f,4e,3a,20,68,
80,74,74,70,3a,2f,2f,31,39,32,2e,31,36,38,2e,30,2e,
90,31,3a,31,39,30,30,2f,69,67,64,2e,78,6d,6c,0d,0a,
00a0,4e,54,3a,20,75,72,6e,3a,73,63,68,65,6d,61,73,2d,
00b0,75,70,6e,70,2d,6f,72,67,3a,64,65,76,69,63,65,3a,
00c0,57,41,4e,43,6f,6e,6e,65,63,74,69,6f,6e,44,65,76,
00d0,69,63,65,3a,31,0d,0a,4e,54,53,3a,20,73,73,64,70,
0,3a,61,6c,69,76,65,0d,0a,53,45,52,56,45,52,3a,20,
00f0,69,70,6f,73,2f,37,2e,30,20,55,50,6e,50,2f,31,2e,
100,30,20,54,4c,2d,57,44,52,33,35,30,30,2f,31,2e,30,
110,0d,0a,55,53,4e,3a,20,75,75,69,64,3a,39,66,30,38,
120,36,35,62,33,2d,66,35,64,61,2d,34,61,64,35,2d,38,
130,35,62,37,2d,37,34,30,34,36,33,37,66,64,66,33,37,
140,3a,3a,75,72,6e,3a,73,63,68,65,6d,61,73,2d,75,70,
150,6e,70,2d,6f,72,67,3a,64,65,76,69,63,65,3a,57,41,
160,4e,43,6f,6e,6e,65,63,74,69,6f,6e,44,65,76,69,63,
170,65,3a,31,0d,0a,0d,0a,e:1....,,,,,,,,,
,,,,,,,,,,,,,,,,,
0,1,0,5e,7f,ff,fa,60,e3,27,52,8e,c1,8,0,45,0,
10,1,63,0,0,40,0,4,11,c4,e6,c0,a8,0,1,ef,ff,
20,ff,fa,e2,16,7,6c,1,4f,22,cb,4e,4f,54,49,46,59,
30,20,2a,20,48,54,54,50,2f,31,2e,31,0d,0a,48,4f,53,
40,54,3a,20,32,33,39,2e,32,35,35,2e,32,35,35,2e,32,
50,35,30,3a,31,39,30,30,0d,0a,43,41,43,48,45,2d,43,
60,4f,4e,54,52,4f,4c,3a,20,6d,61,78,2d,61,67,65,3d,
70,31,30,30,0d,0a,4c,4f,43,41,54,49,4f,4e,3a,20,68,
80,74,74,70,3a,2f,2f,31,39,32,2e,31,36,38,2e,30,2e,
90,31,3a,31,39,30,30,2f,69,67,64,2e,78,6d,6c,0d,0a,
00a0,4e,54,3a,20,75,72,6e,3a,73,63,68,65,6d,61,73,2d,
00b0,75,70,6e,70,2d,6f,72,67,3a,73,65,72,76,69,63,65,
00c0,3a,57,41,4e,49,50,43,6f,6e,6e,65,63,74,69,6f,6e,
00d0,3a,31,0d,0a,4e,54,53,3a,20,73,73,64,70,3a,61,6c,
0,69,76,65,0d,0a,53,45,52,56,45,52,3a,20,69,70,6f,
00f0,73,2f,37,2e,30,20,55,50,6e,50,2f,31,2e,30,20,54,T
100,4c,2d,57,44,52,33,35,30,30,2f,31,2e,30,0d,0a,55,
110,53,4e,3a,20,75,75,69,64,3a,39,66,30,38,36,35,62,
120,33,2d,66,35,64,61,2d,34,61,64,35,2d,38,35,62,37,
130,2d,37,34,30,34,36,33,37,66,64,66,33,37,3a,3a,75,
140,72,6e,3a,73,63,68,65,6d,61,73,2d,75,70,6e,70,2d,
150,6f,72,67,3a,73,65,72,76,69,63,65,3a,57,41,4e,49,
160,50,43,6f,6e,6e,65,63,74,69,6f,6e,3a,31,0d,0a,0d,
170,0a,.,,,,,,,,,,,,,,,
,,,,,,,,,,,,,,,,,
0,1,0,5e,7f,ff,fa,60,e3,27,52,8e,c1,8,0,45,0,
10,1,2e,0,0,40,0,4,11,c5,1b,c0,a8,0,1,ef,ff,
20,ff,fa,e2,16,7,6c,1,1a,d1,41,4e,4f,54,49,46,59,
30,20,2a,20,48,54,54,50,2f,31,2e,31,0d,0a,48,4f,53,
40,54,3a,20,32,33,39,2e,32,35,35,2e,32,35,35,2e,32,
50,35,30,3a,31,39,30,30,0d,0a,43,41,43,48,45,2d,43,
60,4f,4e,54,52,4f,4c,3a,20,6d,61,78,2d,61,67,65,3d,
70,31,30,30,0d,0a,4c,4f,43,41,54,49,4f,4e,3a,20,68,
80,74,74,70,3a,2f,2f,31,39,32,2e,31,36,38,2e,30,2e,
90,31,3a,31,39,30,30,2f,69,67,64,2e,78,6d,6c,0d,0a,
00a0,4e,54,3a,20,75,75,69,64,3a,35,36,35,61,61,39,34,
00b0,39,2d,36,37,63,31,2d,34,63,30,65,2d,61,61,38,66,
00c0,2d,66,33,34,39,65,36,66,35,39,33,31,31,0d,0a,4e,
00d0,54,53,3a,20,73,73,64,70,3a,61,6c,69,76,65,0d,0a,
0,53,45,52,56,45,52,3a,20,69,70,6f,73,2f,37,2e,30,
00f0,20,55,50,6e,50,2f,31,2e,30,20,54,4c,2d,57,44,52,
100,33,35,30,30,2f,31,2e,30,0d,0a,55,53,4e,3a,20,75,
110,75,69,64,3a,35,36,35,61,61,39,34,39,2d,36,37,63,
120,31,2d,34,63,30,65,2d,61,61,38,66,2d,66,33,34,39,
130,65,36,66,35,39,33,31,31,0d,0a,0d,0a,e6f59311....,,,,
,,,,,,,,,,,,,,,,,
0,1,0,5e,7f,ff,fa,60,e3,27,52,8e,c1,8,0,45,0,
10,1,6f,0,0,40,0,4,11,c4,da,c0,a8,0,1,ef,ff,
20,ff,fa,e2,16,7,6c,1,5b,84,5a,4e,4f,54,49,46,59,
30,20,2a,20,48,54,54,50,2f,31,2e,31,0d,0a,48,4f,53,
40,54,3a,20,32,33,39,2e,32,35,35,2e,32,35,35,2e,32,
50,35,30,3a,31,39,30,30,0d,0a,43,41,43,48,45,2d,43,
60,4f,4e,54,52,4f,4c,3a,20,6d,61,78,2d,61,67,65,3d,
70,31,30,30,0d,0a,4c,4f,43,41,54,49,4f,4e,3a,20,68,
80,74,74,70,3a,2f,2f,31,39,32,2e,31,36,38,2e,30,2e,
90,31,3a,31,39,30,30,2f,69,67,64,2e,78,6d,6c,0d,0a,
00a0,4e,54,3a,20,75,72,6e,3a,73,63,68,65,6d,61,73,2d,
00b0,77,69,66,69,61,6c,6c,69,61,6e,63,65,2d,6f,72,67,
00c0,3a,73,65,72,76,69,63,65,3a,57,46,41,57,4c,41,4e,
00d0,43,6f,6e,66,69,67,3a,31,0d,0a,4e,54,53,3a,20,73,
0,73,64,70,3a,61,6c,69,76,65,0d,0a,53,45,52,56,45,
00f0,52,3a,20,69,70,6f,73,2f,37,2e,30,20,55,50,6e,50,UPnP
100,2f,31,2e,30,20,54,4c,2d,57,44,52,33,35,30,30,2f,
110,31,2e,30,0d,0a,55,53,4e,3a,20,75,75,69,64,3a,35,
120,36,35,61,61,39,34,39,2d,36,37,63,31,2d,34,63,30,
130,65,2d,61,61,38,66,2d,66,33,34,39,65,36,66,35,39,
140,33,31,31,3a,3a,75,72,6e,3a,73,63,68,65,6d,61,73,
150,2d,77,69,66,69,61,6c,6c,69,61,6e,63,65,2d,6f,72,
160,67,3a,73,65,72,76,69,63,65,3a,57,46,41,57,4c,41,
170,4e,43,6f,6e,66,69,67,3a,31,0d,0a,0d,0a,NConfig:1....,,,
,,,,,,,,,,,,,,,,,
0,60,e3,27,52,8e,c1,80,19,34,78,88,6d,8,0,45,0,
10,0,8d,28,81,40,0,80,6,6d,93,c0,a8,0,6b,cf,5d,
20,d3,e5,cb,6d,1,bb,a9,99,d2,dc,74,d5,39,43,50,18,
30,1,1,e4,61,0,0,17,3,3,0,60,da,d9,0c,27,2,
40,e3,f1,21,1e,65,fa,38,8b,3d,26,24,e0,d7,60,5d,9d,
50,63,11,3a,b6,83,be,18,f7,90,61,c9,a5,1e,cf,1d,34,
60,84,ff,91,1a,f1,ff,8e,b8,60,89,0e,56,78,c2,2d,82,
70,f4,42,67,d4,fd,98,37,b9,2e,19,3f,62,3b,70,68,e8,
80,e9,be,fe,32,6,b2,22,68,65,bb,f0,94,5b,db,c7,1b,
90,51,ca,3d,4f,fc,72,2,7e,9c,54,e4,Q.=O.r.~.T.,,,,,
,,,,,,,,,,,,,,,,,
0,60,e3,27,52,8e,c1,80,19,34,78,88,6d,8,0,45,0,
10,0,8d,28,80,40,0,80,6,6d,94,c0,a8,0,6b,cf,5d,
20,d3,e5,cb,6f,1,bb,4e,f5,ce,c3,fd,b3,c7,e7,50,18,
30,1,1,67,a1,0,0,17,3,3,0,60,18,df,cd,c9,14,
40,4f,56,25,ce,91,a2,9c,0b,39,49,43,cc,ce,a5,f0,7d,
50,c3,6f,de,96,a4,6,6d,e7,94,38,83,ad,4b,f5,71,6a,
60,b1,ce,6e,9a,93,a1,6f,45,e9,9b,29,fb,d3,61,8d,d1,
70,ce,89,b6,33,5f,61,1e,ce,c1,99,88,43,fc,19,76,76,
80,5e,73,89,f0,17,0c,11,57,3,a6,e8,94,ab,ee,6c,62,
90,2c,70,70,c7,3d,63,ba,27,f3,1e,b2,",pp.=c.'...",,,,,
,,,,,,,,,,,,,,,,,
0,ff,ff,ff,ff,ff,ff,60,e3,27,52,8e,c1,8,0,45,0,
10,0,c9,0,0,40,0,40,11,79,7b,c0,a8,0,1,ff,ff,
20,ff,ff,b0,c2,1d,0d,0,b5,4d,d3,4b,41,4e,4e,4f,55,
30,25,4e,0,0,0,0,0,60,e3,27,52,8e,c1,54,4c,2d,
40,57,44,52,33,35,30,30,0,0,0,0,0,0,54,4c,2d,
50,57,44,52,33,35,30,30,0,0,0,0,0,0,0,0,0,
60,0,0,0,0,0,0,0,0,0,0,0,0,0,0,0,0,
70,0,0,0,0,0,0,0,0,0,0,0,0,0,0,0,0,
80,0,31,2e,31,38,34,0,0,0,0,0,0,0,0,0,0,
90,0,0,0,0,0,0,0,1,0,0,0,1,0,0,0,2,
00a0,0,0,0,1,0,0,0,0,0,0,0,0,0,0,0,0,
00b0,0,0,0,0,0,0,0,0,0,0,0,0,0,0,0,0,
00c0,0,0,0,0,0,0,0,0,0,0,0,0,0,0,0,0,
00d0,0,0,0,0,0,0,0,.......,,,,,,,,,
,,,,,,,,,,,,,,,,,
0,80,19,34,78,88,6d,60,e3,27,52,8e,c1,8,0,45,20,
10,0,28,70,3b,40,0,78,6,2e,1e,cf,5d,d3,e5,c0,a8,
20,0,6b,1,bb,cb,6d,74,d5,39,43,a9,99,d3,41,50,10,
30,20,30,33,31,0,0,031..,,,,,,,,,,
,,,,,,,,,,,,,,,,,
0,80,19,34,78,88,6d,60,e3,27,52,8e,c1,8,0,45,20,
10,0,28,70,3c,40,0,78,6,2e,1d,cf,5d,d3,e5,c0,a8,
20,0,6b,1,bb,cb,6f,fd,b3,c7,e7,4e,f5,cf,28,50,10,
30,20,20,7a,79,0,0,zy..,,,,,,,,,,
,,,,,,,,,,,,,,,,,
0,60,e3,27,52,8e,c1,80,19,34,78,88,6d,8,0,45,0,
10,0,49,3a,9d,0,0,80,11,7e,4a,c0,a8,0,6b,c0,a8,
20,0,1,f1,c2,0,35,0,35,d2,a3,63,dc,1,0,0,1,
30,0,0,0,0,0,0,3,32,32,39,3,32,31,31,2,39,
40,33,3,32,30,37,7,69,6e,2d,61,64,64,72,4,61,72,
50,70,61,0,0,0c,0,1,pa.....,,,,,,,,,
,,,,,,,,,,,,,,,,,
0,80,19,34,78,88,6d,60,e3,27,52,8e,c1,8,0,45,40,
10,0,83,0,0,40,0,38,11,c0,6d,c0,a8,0,1,c0,a8,
20,0,6b,0,35,f1,c2,0,6f,86,9c,63,dc,81,83,0,1,
30,0,0,0,1,0,0,3,32,32,39,3,32,31,31,2,39,
40,33,3,32,30,37,7,69,6e,2d,61,64,64,72,4,61,72,
50,70,61,0,0,0c,0,1,c0,10,0,6,0,1,0,0,4,
60,39,0,2e,3,6e,73,31,3,69,63,67,3,6e,65,74,0,
70,3,64,6e,73,6,6c,65,76,65,6c,33,c0,41,77,dd,eb,
80,b4,0,0,1c,20,0,0,2,58,0,27,8d,0,0,0,0e,
90,10,.,,,,,,,,,,,,,,,
